oddzial;przedmiot;nauczyciel
5TFB;Biologia;Sałdyka-Rusek Karolina
5TFB;Historia;Kopij Marcin
5TFB;Język angielski;Staliś Donata
5TFB;Język niemiecki;Misiąg Anna
5TFB;Język polski;Krycia Ewelina
5TFB;Matematyka;Bujanowska Iwona
5TFB;Projektowanie fryzur;Mikołajczak Sylwia
5TFB;Zajęcia praktyczne - projektowanie i wykonywanie fryzur;Danielewski Paweł
4TFB;Biologia;Zych Joanna
4TFB;Chemia;Zych Joanna
4TFB;Fizyka;Zych Joanna
4TFB;Geografia;Cymerman Joanna
4TFB;Historia;Szatko Katarzyna
4TFB;Język angielski;Galert Anna
4TFB;Język angielski zawodowy;Galert Anna
4TFB;Język polski;Piątek-Pawłowska Bożena
4TFB;Matematyka;Bujanowska Iwona
4TFB;Projektowanie fryzur;Jastrzębska-Majtyka Agnieszka
4TFB;Wychowanie fizyczne;Cieśla Marcin
4TFB;Zajęcia praktyczne - projektowanie i wykonywanie fryzur;Jastrzębska-Majtyka Agnieszka
3S;Biologia;Sałdyka Karolina
3S;Chemia;Zych Joanna
3S;Edukacja obywatelska;Szatko Katarzyna
3S;Edukacja zdrowotna;Sałdyka-Rusek Karolina
3S;Historia;Szatko Katarzyna
3S;Język angielski;Galert Anna
3S;Język angielski zawodowy;Galert Anna
3S;Język polski;Filipek Anna
3S;Matematyka;Ostrowska Ewa
3S;Obsługa klienta;Kosin Anna
3S;Organizacja sprzedaży;Kosin Anna
3S;Towaroznawstwo;Kosin Anna
